Diversity,Model,Mean Score
7.0,multi_e5,0.10951413419073379
9.0,multi_e5,0.10527603325053446
8.0,multi_e5,0.10431453506328807
6.0,multi_e5,0.10408950050573718
10.0,multi_e5,0.10383887578964118
5.0,multi_e5,0.09876081695190743
9.0,MiniLM_multi,0.09611528456127699
4.0,multi_e5,0.09604895081984866
3.0,multi_e5,0.09590491789803794
2.0,multi_e5,0.0957891771572972
