Diversity,Highest Average Score
0.0,0.054026966860300195
1.0,0.054026966860300195
2.0,0.054026966860300195
3.0,0.0536301414634748
4.0,0.049678179515511824
5.0,0.04886650888766472
6.0,0.05024508516175182
7.0,0.048651731142572215
8.0,0.046507163559408135
9.0,0.04965782722800267
10.0,0.04741522058188725
