Diversity,Highest Average Score
0.0,0.2554030555167036
1.0,0.255799880913529
2.0,0.255799880913529
3.0,0.25615720332967495
4.0,0.2548173760030055
5.0,0.2515330849156958
6.0,0.2575768317748452
7.0,0.23677886097868037
8.0,0.20902947879624867
9.0,0.2069166616311869
10.0,0.19781727263486812
