Diversity,Average Score
diversity_6,0.2506116598771111
diversity_5,0.2494793080628851
diversity_7,0.24404296458265332
diversity_4,0.24247233879344587
diversity_3,0.23992538897407892
diversity_2,0.2392352219466799
diversity_1,0.23893106679384055
diversity_0,0.23883717554863348
diversity_8,0.23881678629661943
diversity_9,0.23869019230503005
diversity_10,0.2367760845360605
