Diversity,Model,Mean Score
7.0,multi_e5,0.4667742942312946
8.0,multi_e5,0.46619027185500356
9.0,bertMulti,0.45728649005188393
9.0,multi_e5,0.45713618137904344
6.0,multi_e5,0.45550976149148664
10.0,multi_e5,0.4543162780043155
8.0,bertMulti,0.4542062341523986
10.0,bertMulti,0.45231334428926445
10.0,distilbertMulti,0.4507153540776262
7.0,LaBSE,0.44988895377896065
