Diversity,Highest Average Score
0.0,0.46313265460698383
1.0,0.4622963525075238
2.0,0.4648045170964417
3.0,0.46700591355764215
4.0,0.4796948673101924
5.0,0.4944719179074184
6.0,0.5010963758081921
7.0,0.5149626258721975
8.0,0.5138292577019358
9.0,0.5084213492571336
10.0,0.5013509297528905
