Diversity,Highest Average Score
0.0,0.5247731182550583
1.0,0.5276475994383631
2.0,0.5274680313666381
3.0,0.5307117555694697
4.0,0.5325272959324816
5.0,0.5404582515055941
6.0,0.5484934692930049
7.0,0.5527816173859775
8.0,0.55509720312081
9.0,0.5468371037430635
10.0,0.5569921773082248
