Diversity,Highest Average Score
0.0,0.5213867865880251
1.0,0.5267022293486432
2.0,0.532643795021246
3.0,0.5460968406092245
4.0,0.5571113755859628
5.0,0.5671879684786032
6.0,0.5605925907215897
7.0,0.5501201295073844
8.0,0.5413868999221166
9.0,0.529222956123111
10.0,0.5354376074609563
