Diversity,Model,Mean Score
7.0,multi_e5,0.12054936435762889
8.0,multi_e5,0.11926142039489133
9.0,multi_e5,0.11570425273964145
6.0,multi_e5,0.11434969627672587
10.0,multi_e5,0.11107579418918428
6.0,LaBSE,0.10476404194519949
5.0,multi_e5,0.1045931089496191
10.0,LaBSE,0.10423369268871506
5.0,LaBSE,0.10337024616823379
8.0,LaBSE,0.10281667784527261
