Diversity,Average Score
diversity_1,0.054278748668655216
diversity_2,0.05424551030208352
diversity_3,0.054220257776830996
diversity_0,0.05414206436530425
diversity_4,0.05396931983798456
diversity_5,0.052490376683774806
diversity_6,0.051205903293536595
diversity_7,0.0503784113314987
diversity_8,0.04925862930987057
diversity_9,0.04828554317008909
diversity_10,0.047827833970549835
