Diversity,Highest Average Score
0.0,0.06116016527523236
1.0,0.06116016527523236
2.0,0.06116016527523236
3.0,0.06125275786782495
4.0,0.059267867757934835
5.0,0.05782262805611619
6.0,0.059556575151905385
7.0,0.05573450524172918
8.0,0.05336876709748226
9.0,0.054499276785783486
10.0,0.054558551088478846
