Diversity,Average Score
diversity_6,0.061242079922735816
diversity_3,0.06083809959761685
diversity_2,0.06064499109432316
diversity_1,0.0605241063206606
diversity_4,0.06050625026922182
diversity_0,0.06037796902174554
diversity_5,0.06011509228656058
diversity_7,0.059625937789293496
diversity_8,0.05642787311120931
diversity_10,0.05600177049960618
diversity_9,0.05530557133763475
