Diversity,Highest Average Score
0.0,0.05943931960998525
1.0,0.05943931960998525
2.0,0.05943931960998525
3.0,0.05693284460351024
4.0,0.055455290805781
5.0,0.05478999646724105
6.0,0.055336974180885436
7.0,0.05116280884005342
8.0,0.051226993594640655
9.0,0.04933021786530558
10.0,0.056792923278991395
