Diversity,Average Score
diversity_1,0.08750005139159193
diversity_0,0.08744465411397243
diversity_2,0.08734163727484447
diversity_3,0.08619564109717189
diversity_4,0.08404034795539499
diversity_5,0.0806517792965018
diversity_9,0.07960744302742066
diversity_7,0.07936661196465118
diversity_6,0.07932522804799493
diversity_8,0.0785397317669993
diversity_10,0.07815611294068467
