Diversity,Highest Average Score
0.0,0.2579081301443273
1.0,0.2579081301443273
2.0,0.2579081301443273
3.0,0.25893652020780505
4.0,0.2632949161070936
5.0,0.28033238378504116
6.0,0.2922686092764782
7.0,0.2853445242789928
8.0,0.2678178071928072
9.0,0.26294886166274195
10.0,0.2511257196822212
