Diversity,Highest Average Score
0.0,0.5287839435962501
1.0,0.5327091050981659
2.0,0.5373879653962214
3.0,0.5402461963704224
4.0,0.5367746257297341
5.0,0.532597469967826
6.0,0.5436429819750253
7.0,0.5446282975185194
8.0,0.5447053376858588
9.0,0.5367309046159665
10.0,0.5301493340728377
