Diversity,Average Score
diversity_0,0.2483794009170256
diversity_2,0.24824754270338203
diversity_1,0.24799227781576422
diversity_3,0.2438450132211599
diversity_4,0.2412578465581992
diversity_8,0.24014544565893323
diversity_6,0.2395351364921225
diversity_7,0.23756312601248675
diversity_5,0.23727126247579752
diversity_9,0.23622712263815634
diversity_10,0.2344897881944952
