Diversity,Highest Average Score
0.0,0.46147833332817856
1.0,0.46340448019950087
2.0,0.47031037783166263
3.0,0.4755543328647044
4.0,0.4703848125081355
5.0,0.45926640341178526
6.0,0.473296712914231
7.0,0.4519885029114905
8.0,0.43912163632816364
9.0,0.4486518294800028
10.0,0.43639609117614797
