Diversity,Model,Mean Score
4.0,est-roberta,0.2273621256544803
3.0,est-roberta,0.22736113923024828
1.0,est-roberta,0.22582244576538524
2.0,est-roberta,0.22582244576538524
0.0,est-roberta,0.2254242637005365
5.0,est-roberta,0.22457824130029153
6.0,est-roberta,0.2224106908838591
7.0,LaBSE,0.2210156779447285
7.0,MiniLM_multi,0.22032695714317663
10.0,bertMulti,0.21991430276745894
