Diversity,Model,Mean Score
7.0,LaBSE,0.23653244678119978
8.0,LaBSE,0.23448891990967155
7.0,multi_e5,0.2313158937470943
6.0,multi_e5,0.2308468710416595
6.0,LaBSE,0.23043096976791508
5.0,LaBSE,0.23006450046246227
9.0,bertMulti,0.22950550514920998
9.0,LaBSE,0.2285602449697737
8.0,multi_e5,0.2280175194347881
6.0,EstBERT,0.2271908967333804
