Diversity,Highest Average Score
0.0,0.2498585145934217
1.0,0.25049395395435126
2.0,0.25089077935117665
3.0,0.2503848269702243
4.0,0.2487166818771566
5.0,0.25598753850495337
6.0,0.26290946507148777
7.0,0.2630234834395051
8.0,0.2583289947067037
9.0,0.25240487365422865
10.0,0.24316401659151918
