Diversity,Average Score
diversity_6,0.06548229718359291
diversity_4,0.06507194373627408
diversity_0,0.06495622098166245
diversity_2,0.06492997921930958
diversity_1,0.0649220653225068
diversity_5,0.06485558645319567
diversity_3,0.064840390914852
diversity_7,0.06273467771711953
diversity_8,0.059567637119810044
diversity_9,0.057367030393131194
diversity_10,0.05690206880609358
