Diversity,Average Score
diversity_6,0.09440245197666935
diversity_5,0.08957009337008764
diversity_7,0.08947973677816871
diversity_1,0.08886467242937258
diversity_0,0.08886010855053969
diversity_3,0.08879402548372564
diversity_2,0.08877168211342906
diversity_4,0.08867867330701294
diversity_8,0.08648752889909293
diversity_9,0.08519571259355975
diversity_10,0.0820260310475452
