Diversity,Highest Average Score
0.0,0.05053693553035659
1.0,0.05053693553035659
2.0,0.05053693553035659
3.0,0.04917718417060523
4.0,0.046826582368249034
5.0,0.04585264605440044
6.0,0.04534919271761377
7.0,0.04379075115917221
8.0,0.043787360787360785
9.0,0.04138320726878519
10.0,0.0387386091004512
