Diversity,Model,Mean Score
8.0,LaBSE,0.493059192914069
6.0,LaBSE,0.4928774405180494
5.0,LaBSE,0.48753637696598656
7.0,multi_e5,0.4866565733776346
7.0,LaBSE,0.4860296580497819
8.0,multi_e5,0.48587157719747154
9.0,LaBSE,0.4827196398706977
9.0,multi_e5,0.4809728297254097
10.0,LaBSE,0.4800588601364745
10.0,multi_e5,0.4788500413876661
