Diversity,Highest Average Score
0.0,0.5449379928159598
1.0,0.5518308239031924
2.0,0.5603397743419674
3.0,0.5654095054507852
4.0,0.5691695193972026
5.0,0.5811898288091528
6.0,0.6061021324211469
7.0,0.6070278131597792
8.0,0.6130206200175241
9.0,0.6075509945420936
10.0,0.6029431687545722
