Diversity,Model,Mean Score
7.0,multi_e5,0.27520793111543884
6.0,multi_e5,0.27271187464384916
8.0,multi_e5,0.2720846737255406
10.0,multi_e5,0.2697488551689618
9.0,multi_e5,0.26793576178659595
5.0,multi_e5,0.25842753649986194
9.0,MiniLM_multi,0.25403749461498
9.0,LaBSE,0.25344806710540285
8.0,LaBSE,0.25084682782244705
10.0,MiniLM_multi,0.2501790424567342
