Diversity,Highest Average Score
0.0,0.16661538505449755
1.0,0.16661538505449755
2.0,0.16641373542560334
3.0,0.16776941191285877
4.0,0.16180432704168515
5.0,0.15338425912084322
6.0,0.15257265049383212
7.0,0.15523751639657213
8.0,0.1557223408829446
9.0,0.1575013175058325
10.0,0.15393624580995582
