Diversity,Model,Mean Score
7.0,multi_e5,0.5270274998224775
6.0,multi_e5,0.5264465698480576
8.0,multi_e5,0.5257195345774637
6.0,LaBSE,0.5205012239700062
7.0,LaBSE,0.5192083360411963
9.0,multi_e5,0.5165914607503875
5.0,LaBSE,0.5159571688265359
10.0,multi_e5,0.5148321514306636
9.0,LaBSE,0.5145232179464205
8.0,LaBSE,0.514321705357352
