Diversity,Highest Average Score
0.0,0.4697111184166137
1.0,0.4777204150720663
2.0,0.4872095682047953
3.0,0.5034936801913066
4.0,0.5378344296933049
5.0,0.5573023474919759
6.0,0.5749603643547142
7.0,0.5725787314680504
8.0,0.5834185777768078
9.0,0.5695655541998421
10.0,0.5637494504883566
