Diversity,Highest Average Score
0.0,0.5457621686401356
1.0,0.5522846293569977
2.0,0.5611639501661432
3.0,0.5658063308476105
4.0,0.585062346351046
5.0,0.5990307575646843
6.0,0.6151046410876132
7.0,0.6192690630280929
8.0,0.6160776941878593
9.0,0.6176482831133244
10.0,0.6119234498826862
