Diversity,Highest Average Score
0.0,0.04864521336077064
1.0,0.04864521336077064
2.0,0.04864521336077064
3.0,0.048242765982059066
4.0,0.05214186899558417
5.0,0.05229229443109733
6.0,0.05294228974118035
7.0,0.05327028249241872
8.0,0.048771985310298
9.0,0.049716138622872365
10.0,0.049440382697606644
