Diversity,Highest Average Score
0.0,0.0898691985927538
1.0,0.0898691985927538
2.0,0.0898691985927538
3.0,0.0898691985927538
4.0,0.08989972362327883
5.0,0.0905459523945076
6.0,0.09430236597290262
7.0,0.09346588591815631
8.0,0.08853778049340486
9.0,0.08171240669757182
10.0,0.07854726516555721
