Diversity,Average Score
diversity_4,0.027862016347711793
diversity_1,0.02741742493089816
diversity_2,0.027369941550081447
diversity_0,0.027361308208114766
diversity_3,0.027233650083093953
diversity_5,0.02666593232719537
diversity_6,0.025166286480785963
diversity_7,0.024641990239542125
diversity_8,0.02446934998828417
diversity_9,0.024173632204176294
diversity_10,0.024023484024989016
