Diversity,Average Score
diversity_6,0.060134359566334124
diversity_4,0.06002873732914725
diversity_5,0.0598510351055214
diversity_7,0.05962613445513915
diversity_3,0.05961637074475339
diversity_2,0.05946729399845441
diversity_0,0.05943859413179158
diversity_1,0.05942614173507992
diversity_8,0.05637224031473545
diversity_9,0.05380617003416855
diversity_10,0.052992654490332504
