Diversity,Model,Mean Score
8.0,bertMulti,0.44708152598748574
9.0,bertMulti,0.44282141018437027
7.0,bertMulti,0.43995152909239593
10.0,bertMulti,0.4398520355044693
8.0,multi_e5,0.43737071668568916
9.0,multi_e5,0.43544909904941725
7.0,multi_e5,0.4336469180926095
10.0,distilbertMulti,0.43310898208004334
10.0,multi_e5,0.43282331426074977
6.0,LaBSE,0.4312305546461463
