Diversity,Highest Average Score
0.0,0.5234703469522871
1.0,0.5263448281355918
2.0,0.5266282230268299
3.0,0.5294089842666984
4.0,0.5307194741246599
5.0,0.5248618415802369
6.0,0.5432487134898125
7.0,0.5450492130132223
8.0,0.545855532840053
9.0,0.5456086424755155
10.0,0.5450478759907295
