Diversity,Model,Mean Score
7.0,multi_e5,0.251646977162844
6.0,multi_e5,0.24960573245347067
8.0,multi_e5,0.2447032249321981
5.0,multi_e5,0.24465929544502812
9.0,multi_e5,0.23973187573011273
10.0,multi_e5,0.23479790187134528
8.0,MiniLM_multi,0.23353613233076598
7.0,MiniLM-L12_multi,0.23327204959420303
9.0,MiniLM-L12_multi,0.2331303619331655
9.0,MiniLM_multi,0.2305306177326731
