Diversity,Model,Mean Score
7.0,multi_e5,0.09492051758520627
6.0,multi_e5,0.09420457965762404
8.0,multi_e5,0.09087119737274536
5.0,multi_e5,0.09084804167694605
9.0,MiniLM_multi,0.09012075818822464
9.0,multi_e5,0.09008922893825715
4.0,multi_e5,0.08997655281117613
7.0,LaBSE,0.08900433516304689
3.0,multi_e5,0.08897440518622149
8.0,MiniLM_multi,0.08890530448446686
