Diversity,Highest Average Score
0.0,0.0534690910940911
1.0,0.0534690910940911
2.0,0.0534690910940911
3.0,0.05307226569726569
4.0,0.04792086771253438
5.0,0.04511603365770033
6.0,0.047151128192794864
7.0,0.046848319889986556
8.0,0.04438664446339885
9.0,0.045529806856561245
10.0,0.04551941885275219
