Diversity,Average Score
diversity_1,0.055904486098357214
diversity_0,0.05587435676267232
diversity_2,0.05582776295145862
diversity_3,0.055822251487613835
diversity_4,0.054844151398402624
diversity_5,0.052519988673368455
diversity_6,0.05046771504039879
diversity_7,0.048959629631814584
diversity_8,0.048438066201912086
diversity_9,0.04641284942352767
diversity_10,0.045344639576364726
