Diversity,Highest Average Score
0.0,0.5407849219112119
1.0,0.5439071286518397
2.0,0.5469037605936471
3.0,0.5478110817583212
4.0,0.5459609326288893
5.0,0.5502544246163957
6.0,0.5415693657000417
7.0,0.5285916754813813
8.0,0.5161234079053997
9.0,0.5112306355590669
10.0,0.5104514457707182
