Diversity,Highest Average Score
0.0,0.2607432262917299
1.0,0.2607432262917299
2.0,0.2607432262917299
3.0,0.262136586018423
4.0,0.26986638911006816
5.0,0.2826388016438326
6.0,0.2896577022526455
7.0,0.2810293965818992
8.0,0.25852234060515794
9.0,0.26058835453714196
10.0,0.2485216593691826
