Diversity,Model,Mean Score
7.0,multi_e5,0.09727290365770758
6.0,multi_e5,0.09503837552642162
7.0,LaBSE,0.09468156213125253
6.0,LaBSE,0.09336219579640632
8.0,LaBSE,0.09301032366262844
8.0,multi_e5,0.09284188964916519
5.0,LaBSE,0.09253627713143538
4.0,LaBSE,0.09064346474627692
4.0,multi_e5,0.09020231354854678
9.0,LaBSE,0.09019127205401715
