Diversity,Highest Average Score
0.0,0.059882924570747065
1.0,0.059882924570747065
2.0,0.059882924570747065
3.0,0.05997551716333966
4.0,0.05704477506593089
5.0,0.05460099686557375
6.0,0.05422830628454984
7.0,0.054599868607866545
8.0,0.05406893836202402
9.0,0.05003703084649937
10.0,0.051944872126115677
