Diversity,Average Score
diversity_0,0.2574997214608068
diversity_1,0.25408819276009104
diversity_2,0.24863561387119462
diversity_3,0.24044824969736103
diversity_4,0.23404370505326533
diversity_5,0.23044224589246662
diversity_8,0.22806141523223852
diversity_6,0.22763911911293233
diversity_7,0.22554373628861932
diversity_9,0.22426675426566492
diversity_10,0.22348547543098052
