Diversity,Average Score
diversity_4,0.4089897094209243
diversity_5,0.40662665898507544
diversity_6,0.4064554727565707
diversity_3,0.4050348867646769
diversity_2,0.40081254580695586
diversity_7,0.4005112706637475
diversity_1,0.39730809421693497
diversity_8,0.3956520074633966
diversity_9,0.39387157098784203
diversity_0,0.39328785478197825
diversity_10,0.39092787690783903
