Diversity,Highest Average Score
0.0,0.48333396765582004
1.0,0.48282152104288323
2.0,0.4826128434354699
3.0,0.4827315567559376
4.0,0.4780222405542323
5.0,0.44507624617957436
6.0,0.4590718673550201
7.0,0.4363373950324415
8.0,0.4214496322868356
9.0,0.4342904559607346
10.0,0.4298221315530397
